{"stats":{"minecraft:killed":{"minecraft:pig":1},"minecraft:custom":{"minecraft:jump":9,"minecraft:time_since_rest":2546,"minecraft:damage_dealt":100,"minecraft:crouch_one_cm":193,"minecraft:leave_game":3,"minecraft:play_time":2546,"minecraft:sprint_one_cm":4282,"minecraft:time_since_death":2546,"minecraft:walk_one_cm":4653,"minecraft:sneak_time":79,"minecraft:total_world_time":2546,"minecraft:mob_kills":1,"minecraft:fly_one_cm":9072},"minecraft:picked_up":{"minecraft:porkchop":3}},"DataVersion":3578}